{
    "Linear Regression": [
        0.8743172040139593,
        0.8804332983749564
    ],
    "Lasso": [
        0.8454249925539641,
        0.8564341512770285
    ],
    "Ridge": [
        0.8743099013606639,
        0.8805671790733922
    ],
    "K-Neighbors Regressor": [
        0.6989644851536968,
        0.47561174068704326
    ],
    "Decision Tree Regressor": [
        0.9996534669718089,
        0.7323685862979291
    ],
    "Random Forest Regressor": [
        0.9768407992745314,
        0.8527163492623168
    ],
    "Gradient Boosting Regressor": [
        0.9050396644022572,
        0.8722084562522782
    ],
    "Support Vector Regression": [
        0.757232336065674,
        0.6883486754875968
    ],
    "XGBoost Regressor": [
        0.9954995444196413,
        0.8212204901494256
    ],
    "CatBoosting Regressor": [
        0.9589358676277713,
        0.8518305378322716
    ],
    "Ada Boost Regressor": [
        0.8527248902305463,
        0.8490162204949301
    ]
}